{"cameraMode":{"drawMode":0,"name":"Shaded","section":"Shading Mode"},"sceneLighting":false,"audioPlay":false,"sceneViewState":{"showFog":true,"showMaterialUpdate":true,"showSkybox":false,"showFlares":true,"showImageEffects":true,"showParticleSystems":true},"in2DMode":false,"pivot":{"x":-103.35186004638672,"y":681.91015625,"z":-47.761478424072269},"rotation":{"x":-0.17918618023395539,"y":-0.13179665803909303,"z":0.024211818352341653,"w":-0.9746682047843933},"size":71.98831939697266,"orthographic":false}