{"cameraMode":{"drawMode":0,"name":"Shaded","section":"Shading Mode"},"sceneLighting":true,"audioPlay":false,"sceneViewState":{"showFog":true,"showMaterialUpdate":true,"showSkybox":true,"showFlares":true,"showImageEffects":true,"showParticleSystems":true},"in2DMode":false,"pivot":{"x":-101.5709228515625,"y":192.07113647460938,"z":70.693359375},"rotation":{"x":0.07041035592556,"y":-0.8805410265922546,"z":0.13886378705501557,"w":0.4479529857635498},"size":1164.025146484375,"orthographic":false}